{
  "project_info": {
    "project_number": "961526434910",
    "firebase_url": "https://communitykitchenfoodapp.firebaseio.com",
    "project_id": "communitykitchenfoodapp",
    "storage_bucket": "communitykitchenfoodapp.appspot.com"
  },
  "client": [
    {
      "client_info": {
        "mobilesdk_app_id": "1:961526434910:android:723064937c84601068f8cf",
        "android_client_info": {
          "package_name": "com.example.communitykitchenfoodappwithnutritionalvalues"
        }
      },
      "oauth_client": [
        {
          "client_id": "961526434910-v3sk4nc4fik33n6l9sqvgjljmd1d1ka3.apps.googleusercontent.com",
          "client_type": 1,
          "android_info": {
            "package_name": "com.example.communitykitchenfoodappwithnutritionalvalues",
            "certificate_hash": "917988ac9cba8432157c51b33287738b433dd838"
          }
        },
        {
          "client_id": "961526434910-jgjalqa982oj01n6mhhehr401mt28adv.apps.googleusercontent.com",
          "client_type": 3
        }
      ],
      "api_key": [
        {
          "current_key": "AIzaSyCPbiWOj7QcoFFYCJta9iekZBIP6wnRSU8"
        }
      ],
      "services": {
        "appinvite_service": {
          "other_platform_oauth_client": [
            {
              "client_id": "961526434910-jgjalqa982oj01n6mhhehr401mt28adv.apps.googleusercontent.com",
              "client_type": 3
            }
          ]
        }
      }
    }
  ],
  "configuration_version": "1"
}